<?xml version="1.0" encoding="UTF-8" standalone="no"?>
<!-- Generated 23-nov-2017 19:42:34 by Hibernate Tools 5.2.6.Final --><!DOCTYPE hibernate-mapping PUBLIC "-//Hibernate/Hibernate Mapping DTD 3.0//EN" "http://www.hibernate.org/dtd/hibernate-mapping-3.0.dtd">
<hibernate-mapping auto-import="true" default-access="property" default-cascade="none" default-lazy="true">
    <class catalog="dept1" dynamic-insert="false" dynamic-update="false" mutable="true" name="empresa.Departamentos" optimistic-lock="version" polymorphism="implicit" select-before-update="false" table="departamentos">
        <id name="deptNo" type="int">
            <column name="DEPT_NO"/>
            <generator class="assigned"/>
        </id>
        <property generated="never" lazy="false" name="dnombre" optimistic-lock="true" type="string" unique="false">
            <column length="14" name="DNOMBRE" not-null="true"/>
        </property>
        <property generated="never" lazy="false" name="lugar" optimistic-lock="true" type="string" unique="false">
            <column length="14" name="LUGAR"/>
        </property>
        <set embed-xml="true" fetch="select" inverse="true" lazy="true" mutable="true" name="empleadoses" optimistic-lock="true" sort="unsorted" table="empleados">
            <key on-delete="noaction">
                <column name="DEPT_NO" not-null="true"/>
            </key>
            <one-to-many class="empresa.Empleados" embed-xml="true" not-found="exception"/>
        </set>
    </class>
</hibernate-mapping>
