<?xml version="1.0" encoding="UTF-8" standalone="no"?>
<!-- Generated 23-nov-2017 19:42:34 by Hibernate Tools 5.2.6.Final --><!DOCTYPE hibernate-mapping PUBLIC "-//Hibernate/Hibernate Mapping DTD 3.0//EN" "http://www.hibernate.org/dtd/hibernate-mapping-3.0.dtd">
<hibernate-mapping auto-import="true" default-access="property" default-cascade="none" default-lazy="true">
    <class catalog="dept1" dynamic-insert="false" dynamic-update="false" mutable="true" name="empresa.Empleados" optimistic-lock="version" polymorphism="implicit" select-before-update="false" table="empleados">
        <id name="empNo" type="int">
            <column name="EMP_NO"/>
            <generator class="assigned"/>
        </id>
        <many-to-one class="empresa.Departamentos" embed-xml="true" fetch="select" insert="true" name="departamentos" not-found="exception" optimistic-lock="true" unique="false" update="true">
            <column name="DEPT_NO" not-null="true"/>
        </many-to-one>
        <property generated="never" lazy="false" name="apellido" optimistic-lock="true" type="string" unique="false">
            <column length="10" name="APELLIDO" not-null="true"/>
        </property>
        <property generated="never" lazy="false" name="oficio" optimistic-lock="true" type="string" unique="false">
            <column length="10" name="OFICIO"/>
        </property>
        <property generated="never" lazy="false" name="jefe" optimistic-lock="true" type="java.lang.Integer" unique="false">
            <column name="JEFE"/>
        </property>
        <property generated="never" lazy="false" name="fechaAlta" optimistic-lock="true" type="date" unique="false">
            <column length="10" name="FECHA_ALTA"/>
        </property>
        <property generated="never" lazy="false" name="salario" optimistic-lock="true" type="java.lang.Integer" unique="false">
            <column name="SALARIO"/>
        </property>
        <property generated="never" lazy="false" name="comision" optimistic-lock="true" type="java.lang.Integer" unique="false">
            <column name="COMISION"/>
        </property>
    </class>
</hibernate-mapping>
