<?xml version = '1.0' encoding = 'UTF-8'?>
<Entity class="oracle.dbtools.crest.model.design.logical.Entity" directorySegmentName="seg_0" id="422A088C-1856-2A42-8CF0-6ECC1062B48A" name="ASIGNATURAS">
<createdBy>alicia</createdBy>
<createdTime>2014-07-17 14:37:48 UTC</createdTime>
<generatorID>Generado por el Usuario</generatorID>
<ownerDesignName>Actividad2-2</ownerDesignName>
<engineerTo>
<item key="D63CE659-08E7-66F3-76CC-8BDA9941E464" value="true"/>
</engineerTo>
<adequatelyNormalized>NO</adequatelyNormalized>
<expectedVolumes>0</expectedVolumes>
<fwdEngineeringStrategyName>Single Table</fwdEngineeringStrategyName>
<growthPercent>0</growthPercent>
<growthType>Year</growthType>
<maxVolumes>9999999</maxVolumes>
<minVolumes>0</minVolumes>
<normalForm>Third</normalForm>
<attributes itemClass="oracle.dbtools.crest.model.design.logical.Attribute">
<Attribute name="NUM_ASI" id="A846FF96-ECF8-388D-0992-70F853BD3FB1">
<createdBy>alicia</createdBy>
<createdTime>2014-07-17 14:38:00 UTC</createdTime>
<generatorID>Generado por el Usuario</generatorID>
<ownerDesignName>Actividad2-2</ownerDesignName>
<engineerTo>
<item key="D63CE659-08E7-66F3-76CC-8BDA9941E464" value="true"/>
</engineerTo>
<use>0</use>
<logicalDatatype>LOGDT019</logicalDatatype>
<domain>249A9BFB-1E96-FF5F-3C46-C9D168730345</domain>
</Attribute>
<Attribute name="NOMBRE" id="A52ADEC0-65DC-6B88-7962-7F5C753F55BC">
<createdBy>alicia</createdBy>
<createdTime>2014-07-17 14:38:13 UTC</createdTime>
<generatorID>Generado por el Usuario</generatorID>
<ownerDesignName>Actividad2-2</ownerDesignName>
<engineerTo>
<item key="D63CE659-08E7-66F3-76CC-8BDA9941E464" value="true"/>
</engineerTo>
<nullsAllowed>true</nullsAllowed>
<use>0</use>
<logicalDatatype>LOGDT024</logicalDatatype>
<domain>6DD7A9D8-78CA-3797-CDC2-389BF814CD1C</domain>
</Attribute>
<Attribute name="NUM_PROF" id="D57DBDE1-2CB9-FD14-AA56-98FA549EF4EB">
<createdBy>alicia</createdBy>
<createdTime>2014-07-17 14:46:15 UTC</createdTime>
<generatorID>8B13E889-4975-ABB5-9134-B00560DC3114</generatorID>
<ownerDesignName>Actividad2-2</ownerDesignName>
<engineerTo>
<item key="D63CE659-08E7-66F3-76CC-8BDA9941E464" value="true"/>
</engineerTo>
<referedAttribute>34F39978-76B8-2699-64EF-2D0C7B563C35</referedAttribute>
<use>0</use>
<logicalDatatype>LOGDT019</logicalDatatype>
<domain>249A9BFB-1E96-FF5F-3C46-C9D168730345</domain>
</Attribute>
</attributes>
<identifiers itemClass="oracle.dbtools.crest.model.design.logical.CandidateKey">
<identifier id="2FB0DAD8-AB73-249C-BFAA-291D61A9B800" name="ASIGNATURAS PK">
<createdBy>alicia</createdBy>
<createdTime>2014-07-17 14:38:09 UTC</createdTime>
<generatorID>Generado por el Usuario</generatorID>
<ownerDesignName>Actividad2-2</ownerDesignName>
<engineerTo>
<item key="D63CE659-08E7-66F3-76CC-8BDA9941E464" value="true"/>
</engineerTo>
<pk>true</pk>
<usedAttributes>
<attributeRef>A846FF96-ECF8-388D-0992-70F853BD3FB1</attributeRef>
</usedAttributes>
</identifier>
</identifiers>
</Entity>