<?xml version = '1.0' encoding = 'UTF-8'?>
<Entity class="oracle.dbtools.crest.model.design.logical.Entity" directorySegmentName="seg_0" id="8F3178CC-0D02-728D-8C53-A8AAFF91780C" name="PRACTICAS">
<createdBy>alicia</createdBy>
<createdTime>2014-07-17 14:38:40 UTC</createdTime>
<generatorID>Generado por el Usuario</generatorID>
<ownerDesignName>Actividad2-2</ownerDesignName>
<engineerTo>
<item key="D63CE659-08E7-66F3-76CC-8BDA9941E464" value="true"/>
</engineerTo>
<adequatelyNormalized>NO</adequatelyNormalized>
<expectedVolumes>0</expectedVolumes>
<fwdEngineeringStrategyName>Single Table</fwdEngineeringStrategyName>
<growthPercent>0</growthPercent>
<growthType>Year</growthType>
<maxVolumes>9999999</maxVolumes>
<minVolumes>0</minVolumes>
<normalForm>Third</normalForm>
<attributes itemClass="oracle.dbtools.crest.model.design.logical.Attribute">
<Attribute name="COD_PRACTICA" id="5A04AC41-06C8-A9A3-AC2A-4C8A0821F489">
<createdBy>alicia</createdBy>
<createdTime>2014-07-17 14:38:46 UTC</createdTime>
<generatorID>Generado por el Usuario</generatorID>
<ownerDesignName>Actividad2-2</ownerDesignName>
<engineerTo>
<item key="D63CE659-08E7-66F3-76CC-8BDA9941E464" value="true"/>
</engineerTo>
<use>0</use>
<logicalDatatype>LOGDT019</logicalDatatype>
<domain>249A9BFB-1E96-FF5F-3C46-C9D168730345</domain>
</Attribute>
<Attribute name="TITULO" id="8E0D8F8E-804F-515D-1AF2-B684053EB30C">
<createdBy>alicia</createdBy>
<createdTime>2014-07-17 14:39:05 UTC</createdTime>
<generatorID>Generado por el Usuario</generatorID>
<ownerDesignName>Actividad2-2</ownerDesignName>
<engineerTo>
<item key="D63CE659-08E7-66F3-76CC-8BDA9941E464" value="true"/>
</engineerTo>
<nullsAllowed>true</nullsAllowed>
<use>0</use>
<logicalDatatype>LOGDT024</logicalDatatype>
<domain>6DD7A9D8-78CA-3797-CDC2-389BF814CD1C</domain>
</Attribute>
<Attribute name="NIVEL" id="29DE45E5-5F10-807C-EC7A-E2E9BC8693C1">
<createdBy>alicia</createdBy>
<createdTime>2014-07-17 14:39:15 UTC</createdTime>
<generatorID>Generado por el Usuario</generatorID>
<ownerDesignName>Actividad2-2</ownerDesignName>
<engineerTo>
<item key="D63CE659-08E7-66F3-76CC-8BDA9941E464" value="true"/>
</engineerTo>
<nullsAllowed>true</nullsAllowed>
<use>0</use>
<logicalDatatype>LOGDT024</logicalDatatype>
<domain>95EE345D-E18B-0D93-4060-E07A880B1A57</domain>
</Attribute>
</attributes>
<identifiers itemClass="oracle.dbtools.crest.model.design.logical.CandidateKey">
<identifier id="A0D94375-8CED-0D3A-EF2A-9723498F7A96" name="PRACTICAS PK">
<createdBy>alicia</createdBy>
<createdTime>2014-07-17 14:39:00 UTC</createdTime>
<generatorID>Generado por el Usuario</generatorID>
<ownerDesignName>Actividad2-2</ownerDesignName>
<engineerTo>
<item key="D63CE659-08E7-66F3-76CC-8BDA9941E464" value="true"/>
</engineerTo>
<pk>true</pk>
<usedAttributes>
<attributeRef>5A04AC41-06C8-A9A3-AC2A-4C8A0821F489</attributeRef>
</usedAttributes>
</identifier>
</identifiers>
</Entity>