<?xml version = '1.0' encoding = 'UTF-8'?>
<Relation class="oracle.dbtools.crest.model.design.logical.Relation" name="REALIZAN" id="1ABD9D27-8B86-1ADB-7F4B-58B39129A55A" directorySegmentName="seg_0">
<createdBy>ARM</createdBy>
<createdTime>2014-07-19 23:31:24 UTC</createdTime>
<generatorID>Generado por el Usuario</generatorID>
<ownerDesignName>ActividadAmpliacion2</ownerDesignName>
<engineerTo>
<item key="F14E26FC-B6E8-1F24-C9CA-11287D964CB4" value="true"/>
</engineerTo>
<identifying>false</identifying>
<optionalSource>false</optionalSource>
<optionalTarget>false</optionalTarget>
<sourceCardinality>1</sourceCardinality>
<sourceEntity>20B7EA4A-4ECA-80F9-C97D-62C0180EF58C</sourceEntity>
<targetCardinalityString>*</targetCardinalityString>
<targetEntity>804C299C-C2F5-31FB-9B5F-5E6CB4E0F60C</targetEntity>
<transferable>true</transferable>
</Relation>