<?xml version = '1.0' encoding = 'UTF-8'?>
<Relation class="oracle.dbtools.crest.model.design.logical.Relation" name="PERTENECEN" id="28738AD5-5F1E-265F-449E-386ED3546394" directorySegmentName="seg_0">
<createdBy>ARM</createdBy>
<createdTime>2014-07-19 23:33:54 UTC</createdTime>
<generatorID>Generado por el Usuario</generatorID>
<ownerDesignName>ActividadAmpliacion2</ownerDesignName>
<engineerTo>
<item key="F14E26FC-B6E8-1F24-C9CA-11287D964CB4" value="true"/>
</engineerTo>
<identifying>false</identifying>
<optionalSource>false</optionalSource>
<optionalTarget>false</optionalTarget>
<sourceCardinality>1</sourceCardinality>
<sourceEntity>E8733276-EA17-2A73-463F-1CD179B372AD</sourceEntity>
<targetCardinalityString>*</targetCardinalityString>
<targetEntity>1D887D6A-DEA6-AC3A-5E15-748E18F9F643</targetEntity>
<transferable>true</transferable>
</Relation>