<?xml version = '1.0' encoding = 'UTF-8'?>
<Diagram class="oracle.dbtools.crest.swingui.relational.DPVRelational" name="Relational_1" id="D087BF11-34B1-8D30-1E5A-FF435568EA78">
<createdBy>alicia</createdBy>
<createdTime>2014-07-17 14:22:35 UTC</createdTime>
<autoRoute>false</autoRoute>
<boxInbox>true</boxInbox>
<showLegend>false</showLegend>
<showLabels>false</showLabels>
<showRelAttributes>false</showRelAttributes>
<showGrid>false</showGrid>
<diagramColor>-1</diagramColor>
<display>false</display>
<notation>1</notation>
<objectViews>
<OView class="oracle.dbtools.crest.swingui.relational.TVTable" oid="2F923926-BC90-5812-CD03-88D165506237" otype="Table" vid="DD36D277-6ADD-5767-AC50-FFD287BC9F2A">
<hideElementsInCurrentOnly>false</hideElementsInCurrentOnly>
<bounds x="37" y="31" width="230" height="103"/>
</OView>
<OView class="oracle.dbtools.crest.swingui.relational.TVTable" oid="54CEDB35-E26E-75AA-4183-D50C46F34CC7" otype="Table" vid="AF183941-5380-1706-531A-C713BC034BAF">
<hideElementsInCurrentOnly>false</hideElementsInCurrentOnly>
<bounds x="37" y="349" width="266" height="110"/>
</OView>
<OView class="oracle.dbtools.crest.swingui.relational.TVTable" oid="571413A7-5BA1-712F-8A28-7B6E3A5D718F" otype="Table" vid="5D0C7572-6B4E-5435-6F3D-3AE9D9D35E83">
<hideElementsInCurrentOnly>false</hideElementsInCurrentOnly>
<bounds x="799" y="372" width="234" height="85"/>
</OView>
<OView class="oracle.dbtools.crest.swingui.relational.TVTable" oid="6B5E2C88-68D3-ACD1-3B33-1D8698F2D5DC" otype="Table" vid="CF36C702-0E5E-EED4-48CD-DD1A2FA91248">
<hideElementsInCurrentOnly>false</hideElementsInCurrentOnly>
<bounds x="794" y="14" width="258" height="110"/>
</OView>
<OView class="oracle.dbtools.crest.swingui.relational.TVTable" oid="7C3443CE-4124-CCC3-F50F-62C7110EA740" otype="Table" vid="58F7ADEB-1F82-3FAD-9917-BCD2971F8DB8">
<hideElementsInCurrentOnly>false</hideElementsInCurrentOnly>
<bounds x="402" y="154" width="251" height="110"/>
</OView>
<OView class="oracle.dbtools.crest.swingui.relational.TVTable" oid="9C46116F-3851-C015-ECF3-55CB86C580CF" otype="Table" vid="F0C0797C-E7E4-B9F4-0F37-672F6DCE1F47">
<hideElementsInCurrentOnly>false</hideElementsInCurrentOnly>
<bounds x="402" y="13" width="270" height="110"/>
</OView>
<OView class="oracle.dbtools.crest.swingui.relational.TVTable" oid="BDD8B3F5-7A3B-15B6-52E5-CD4712B2D0AA" otype="Table" vid="A0B41FE7-E9A4-4E9C-C2D8-8A635A6EE13A">
<hideElementsInCurrentOnly>false</hideElementsInCurrentOnly>
<bounds x="38" y="185" width="243" height="110"/>
</OView>
<OView class="oracle.dbtools.crest.swingui.relational.TVTable" oid="C39330CE-74CC-4347-5F5F-9AEAC112DE34" otype="Table" vid="8F2406A1-19D5-3E89-EF0E-7C3B8335B627">
<hideElementsInCurrentOnly>false</hideElementsInCurrentOnly>
<bounds x="370" y="293" width="265" height="110"/>
</OView>
<OView class="oracle.dbtools.crest.swingui.relational.TVTable" oid="EA4D7861-7493-FA97-4606-F6FC4C26B87F" otype="Table" vid="92479B09-4991-386B-E388-54AAA3BA474D">
<hideElementsInCurrentOnly>false</hideElementsInCurrentOnly>
<bounds x="753" y="163" width="293" height="110"/>
</OView>
</objectViews>
<connectors>
<Connector class="oracle.dbtools.crest.swingui.relational.TVFKRelation" oid="16682AD4-1401-0F21-3B2B-004D7A3DF669" otype="FKIndexAssociation" vid_source="DD36D277-6ADD-5767-AC50-FFD287BC9F2A" vid_target="58F7ADEB-1F82-3FAD-9917-BCD2971F8DB8">
<hideElementsInCurrentOnly>false</hideElementsInCurrentOnly>
<lineWidth>1</lineWidth>
<points>
<point x="267" y="82"/>
<point x="402" y="209"/>
</points>
</Connector>
<Connector class="oracle.dbtools.crest.swingui.relational.TVFKRelation" oid="2DB1909C-9363-FBAC-35E8-7C3D540CC2A6" otype="FKIndexAssociation" vid_source="5D0C7572-6B4E-5435-6F3D-3AE9D9D35E83" vid_target="92479B09-4991-386B-E388-54AAA3BA474D">
<hideElementsInCurrentOnly>false</hideElementsInCurrentOnly>
<lineWidth>1</lineWidth>
<points>
<point x="916" y="372"/>
<point x="916" y="273"/>
</points>
</Connector>
<Connector class="oracle.dbtools.crest.swingui.relational.TVFKRelation" oid="36BB82EE-8797-9896-2FBB-43AE82C992B1" otype="FKIndexAssociation" vid_source="5D0C7572-6B4E-5435-6F3D-3AE9D9D35E83" vid_target="8F2406A1-19D5-3E89-EF0E-7C3B8335B627">
<hideElementsInCurrentOnly>false</hideElementsInCurrentOnly>
<lineWidth>1</lineWidth>
<points>
<point x="799" y="387"/>
<point x="635" y="387"/>
</points>
</Connector>
<Connector class="oracle.dbtools.crest.swingui.relational.TVFKRelation" oid="53AB3155-AA81-4DF6-E6E2-550ADA64B01C" otype="FKIndexAssociation" vid_source="DD36D277-6ADD-5767-AC50-FFD287BC9F2A" vid_target="F0C0797C-E7E4-B9F4-0F37-672F6DCE1F47">
<hideElementsInCurrentOnly>false</hideElementsInCurrentOnly>
<lineWidth>1</lineWidth>
<points>
<point x="267" y="67"/>
<point x="402" y="67"/>
</points>
</Connector>
<Connector class="oracle.dbtools.crest.swingui.relational.TVFKRelation" oid="6393C191-3D06-4BDC-D0D6-1E73F5367E4D" otype="FKIndexAssociation" vid_source="AF183941-5380-1706-531A-C713BC034BAF" vid_target="8F2406A1-19D5-3E89-EF0E-7C3B8335B627">
<hideElementsInCurrentOnly>false</hideElementsInCurrentOnly>
<lineWidth>1</lineWidth>
<points>
<point x="303" y="376"/>
<point x="370" y="376"/>
</points>
</Connector>
<Connector class="oracle.dbtools.crest.swingui.relational.TVFKRelation" oid="6AE61741-ADE5-8DB7-3D58-DC6E3D7C9D28" otype="FKIndexAssociation" vid_source="92479B09-4991-386B-E388-54AAA3BA474D" vid_target="58F7ADEB-1F82-3FAD-9917-BCD2971F8DB8">
<hideElementsInCurrentOnly>false</hideElementsInCurrentOnly>
<lineWidth>1</lineWidth>
<points>
<point x="753" y="213"/>
<point x="653" y="213"/>
</points>
</Connector>
<Connector class="oracle.dbtools.crest.swingui.relational.TVFKRelation" oid="7D99F995-A952-ADFE-3083-5A6F96B1D367" otype="FKIndexAssociation" vid_source="AF183941-5380-1706-531A-C713BC034BAF" vid_target="A0B41FE7-E9A4-4E9C-C2D8-8A635A6EE13A">
<hideElementsInCurrentOnly>false</hideElementsInCurrentOnly>
<lineWidth>1</lineWidth>
<points>
<point x="159" y="349"/>
<point x="159" y="295"/>
</points>
</Connector>
<Connector class="oracle.dbtools.crest.swingui.relational.TVFKRelation" oid="A5A79ED6-0AB3-F12C-3767-EA6D8C68FF89" otype="FKIndexAssociation" vid_source="DD36D277-6ADD-5767-AC50-FFD287BC9F2A" vid_target="A0B41FE7-E9A4-4E9C-C2D8-8A635A6EE13A">
<hideElementsInCurrentOnly>false</hideElementsInCurrentOnly>
<lineWidth>1</lineWidth>
<points>
<point x="152" y="134"/>
<point x="152" y="185"/>
</points>
</Connector>
<Connector class="oracle.dbtools.crest.swingui.relational.TVFKRelation" oid="EB361E38-7DAD-8DA1-44CE-6BF298B86AE9" otype="FKIndexAssociation" vid_source="CF36C702-0E5E-EED4-48CD-DD1A2FA91248" vid_target="F0C0797C-E7E4-B9F4-0F37-672F6DCE1F47">
<hideElementsInCurrentOnly>false</hideElementsInCurrentOnly>
<lineWidth>1</lineWidth>
<points>
<point x="794" y="68"/>
<point x="672" y="68"/>
</points>
</Connector>
</connectors>
</Diagram>