<?xml version = '1.0' encoding = 'UTF-8'?>
<relationalModel class="oracle.dbtools.crest.model.design.relational.RelationalDesign" name="Relational_1" id="D63CE659-08E7-66F3-76CC-8BDA9941E464" mainViewID="D087BF11-34B1-8D30-1E5A-FF435568EA78">
<createdBy>alicia</createdBy>
<createdTime>2014-07-17 14:21:57 UTC</createdTime>
<generatorID>Generado por el Usuario</generatorID>
<ownerDesignName>Actividad2-2</ownerDesignName>
<shouldBeOpen>false</shouldBeOpen>
<selectedRDBMSSite>32076570-2523-435C-2E92-BF29817DFF70</selectedRDBMSSite>
</relationalModel>