<?xml version = '1.0' encoding = 'UTF-8'?>
<Entity class="oracle.dbtools.crest.model.design.logical.Entity" id="20B7EA4A-4ECA-80F9-C97D-62C0180EF58C" directorySegmentName="seg_0" name="CLIENTES">
<createdBy>ARM</createdBy>
<createdTime>2014-07-19 23:21:21 UTC</createdTime>
<generatorID>Generado por el Usuario</generatorID>
<ownerDesignName>ActividadAmpliacion2</ownerDesignName>
<engineerTo>
<item key="F14E26FC-B6E8-1F24-C9CA-11287D964CB4" value="true"/>
</engineerTo>
<pkName>CLIENTES PK</pkName>
<adequatelyNormalized>NO</adequatelyNormalized>
<expectedVolumes>0</expectedVolumes>
<fwdEngineeringStrategyName>Single Table</fwdEngineeringStrategyName>
<growthPercent>0</growthPercent>
<growthType>Year</growthType>
<maxVolumes>9999999</maxVolumes>
<minVolumes>0</minVolumes>
<normalForm>Third</normalForm>
<fonts>
<FontObject class="oracle.dbtools.crest.model.design.FontObjectWr">
<foType>Título</foType>
<fontStyle>1</fontStyle>
<colorRGB>-16776961</colorRGB>
</FontObject>
<FontObject class="oracle.dbtools.crest.model.design.FontObjectWr">
<foType>Atributo</foType>
<colorRGB>-16777216</colorRGB>
</FontObject>
<FontObject class="oracle.dbtools.crest.model.design.FontObjectWr">
<foType>Tipo de Dato</foType>
<colorRGB>-16744448</colorRGB>
</FontObject>
<FontObject class="oracle.dbtools.crest.model.design.FontObjectWr">
<foType>Elemento de Clave Primaria</foType>
<colorRGB>-16776961</colorRGB>
</FontObject>
<FontObject class="oracle.dbtools.crest.model.design.FontObjectWr">
<foType>Elemento de Clave Ajena</foType>
<colorRGB>-16777216</colorRGB>
</FontObject>
<FontObject class="oracle.dbtools.crest.model.design.FontObjectWr">
<foType>Elemento de Clave Única</foType>
<colorRGB>-16776961</colorRGB>
</FontObject>
<FontObject class="oracle.dbtools.crest.model.design.FontObjectWr">
<foType>No Nulo</foType>
<colorRGB>-65536</colorRGB>
</FontObject>
<FontObject class="oracle.dbtools.crest.model.design.FontObjectWr">
<foType>Clave</foType>
<colorRGB>-16777216</colorRGB>
</FontObject>
</fonts>
<attributes>
<Attribute class="oracle.dbtools.crest.model.design.logical.Attribute" name="COD_CLI" id="3E7ADE95-6034-39D1-D12B-1E6A6086A8C0">
<createdBy>ARM</createdBy>
<createdTime>2014-07-19 23:21:42 UTC</createdTime>
<generatorID>Generado por el Usuario</generatorID>
<ownerDesignName>ActividadAmpliacion2</ownerDesignName>
<engineerTo>
<item key="F14E26FC-B6E8-1F24-C9CA-11287D964CB4" value="true"/>
</engineerTo>
<useDomainConstraints>false</useDomainConstraints>
<use>1</use>
<logicalDatatype>LOGDT019</logicalDatatype>
<dataTypePrecision>6</dataTypePrecision>
<dataTypeScale>0</dataTypeScale>
</Attribute>
<Attribute class="oracle.dbtools.crest.model.design.logical.Attribute" name="NOMBRE" id="5EE019FA-3316-85A8-82EF-4B047F102704">
<createdBy>ARM</createdBy>
<createdTime>2014-07-19 23:22:10 UTC</createdTime>
<generatorID>Generado por el Usuario</generatorID>
<ownerDesignName>ActividadAmpliacion2</ownerDesignName>
<engineerTo>
<item key="F14E26FC-B6E8-1F24-C9CA-11287D964CB4" value="true"/>
</engineerTo>
<nullsAllowed>true</nullsAllowed>
<useDomainConstraints>false</useDomainConstraints>
<use>1</use>
<logicalDatatype>LOGDT024</logicalDatatype>
<dataTypeSize>30</dataTypeSize>
</Attribute>
<Attribute class="oracle.dbtools.crest.model.design.logical.Attribute" name="DIRECCION" id="FF87E34C-EDF8-E2B8-1804-B5532FC3EBA9">
<createdBy>ARM</createdBy>
<createdTime>2014-07-19 23:22:26 UTC</createdTime>
<generatorID>Generado por el Usuario</generatorID>
<ownerDesignName>ActividadAmpliacion2</ownerDesignName>
<engineerTo>
<item key="F14E26FC-B6E8-1F24-C9CA-11287D964CB4" value="true"/>
</engineerTo>
<nullsAllowed>true</nullsAllowed>
<useDomainConstraints>false</useDomainConstraints>
<use>1</use>
<logicalDatatype>LOGDT024</logicalDatatype>
<dataTypeSize>30</dataTypeSize>
</Attribute>
<Attribute class="oracle.dbtools.crest.model.design.logical.Attribute" name="COD_EMPLE" id="0A9E9FA0-C700-616B-C3CC-137EA8B2E7EC">
<createdBy>ARM</createdBy>
<createdTime>2014-07-19 23:30:42 UTC</createdTime>
<generatorID>8CAB3042-145B-E4A7-84C9-701835C57EDB</generatorID>
<ownerDesignName>ActividadAmpliacion2</ownerDesignName>
<engineerTo>
<item key="F14E26FC-B6E8-1F24-C9CA-11287D964CB4" value="true"/>
</engineerTo>
<referedAttribute>9A468EC3-D767-1DF1-9CA5-1AAEB13DC4E0</referedAttribute>
<useDomainConstraints>false</useDomainConstraints>
<use>1</use>
<logicalDatatype>LOGDT019</logicalDatatype>
<dataTypePrecision>6</dataTypePrecision>
<dataTypeScale>0</dataTypeScale>
</Attribute>
</attributes>
<identifiers>
<identifier class="oracle.dbtools.crest.model.design.logical.CandidateKey" id="C009D90C-8484-7DA8-5641-701EE445947F" name="CLIENTES PK">
<createdBy>ARM</createdBy>
<createdTime>2014-07-19 23:22:01 UTC</createdTime>
<generatorID>Generado por el Usuario</generatorID>
<ownerDesignName>ActividadAmpliacion2</ownerDesignName>
<engineerTo>
<item key="F14E26FC-B6E8-1F24-C9CA-11287D964CB4" value="true"/>
</engineerTo>
<pk>true</pk>
<usedAttributes>
<attributeRef>3E7ADE95-6034-39D1-D12B-1E6A6086A8C0</attributeRef>
</usedAttributes>
</identifier>
</identifiers>
</Entity>