<?xml version = '1.0' encoding = 'UTF-8'?>
<FKIndexAssociation class="oracle.dbtools.crest.model.design.relational.FKIndexAssociation" id="0ADD7FEF-BB8A-A143-5212-60C2B134BEDD" directorySegmentName="seg_0" name="PERTENECEN">
<createdBy>ARM</createdBy>
<createdTime>2014-07-19 23:35:25 UTC</createdTime>
<generatorID>28738AD5-5F1E-265F-449E-386ED3546394</generatorID>
<ownerDesignName>ActividadAmpliacion2</ownerDesignName>
<containerWithKeyObject>A6DE6C6D-2319-FF55-C7C4-D1AF474B4CD2</containerWithKeyObject>
<deleteRule>CASCADE</deleteRule>
<localFKIndex>83A82362-C0B5-7312-C85D-9535B3FD1767</localFKIndex>
<keyObject>76909B89-EF2C-D155-4AE0-2451A982A890</keyObject>
<mandatory>true</mandatory>
<transferable>true</transferable>
</FKIndexAssociation>