<?xml version = '1.0' encoding = 'UTF-8'?>
<Table class="oracle.dbtools.crest.model.design.relational.Table" directorySegmentName="seg_0" id="571413A7-5BA1-712F-8A28-7B6E3A5D718F" name="PROFESORES">
<createdBy>alicia</createdBy>
<createdTime>2014-07-17 14:51:31 UTC</createdTime>
<generatorID>FC615F4A-7697-D5FF-B463-97EB3232C1D3</generatorID>
<ownerDesignName>Actividad2-2</ownerDesignName>
<allowColumnReorder>false</allowColumnReorder>
<existDependencyGenerateInDDl>true</existDependencyGenerateInDDl>
<columns itemClass="oracle.dbtools.crest.model.design.relational.Column">
<Column name="NUM_PROF" id="9E816189-E662-6EAE-2673-B3F577FB9F64">
<createdBy>alicia</createdBy>
<createdTime>2014-07-17 14:51:31 UTC</createdTime>
<generatorID>34F39978-76B8-2699-64EF-2D0C7B563C35</generatorID>
<ownerDesignName>Actividad2-2</ownerDesignName>
<use>0</use>
<logicalDatatype>LOGDT019</logicalDatatype>
<domain>249A9BFB-1E96-FF5F-3C46-C9D168730345</domain>
<autoIncrementCycle>false</autoIncrementCycle>
</Column>
<Column name="NOMBRE" id="A52B6E4C-F285-46F3-CB81-BF7078B879FC">
<createdBy>alicia</createdBy>
<createdTime>2014-07-17 14:51:31 UTC</createdTime>
<generatorID>DC212942-E76D-767B-0396-FE3AF948A687</generatorID>
<ownerDesignName>Actividad2-2</ownerDesignName>
<nullsAllowed>true</nullsAllowed>
<use>0</use>
<logicalDatatype>LOGDT024</logicalDatatype>
<domain>6DD7A9D8-78CA-3797-CDC2-389BF814CD1C</domain>
<autoIncrementCycle>false</autoIncrementCycle>
</Column>
</columns>
<indexes itemClass="oracle.dbtools.crest.model.design.relational.Index">
<ind_PK_UK id="57405D82-64DA-44E9-951A-0443851152E2" name="PROFESORES_PK">
<createdBy>alicia</createdBy>
<createdTime>2014-07-17 14:51:31 UTC</createdTime>
<generatorID>ACCB84DE-2E2D-859B-CC81-27B4FAE0DB5E</generatorID>
<ownerDesignName>Actividad2-2</ownerDesignName>
<pk>true</pk>
<indexState>Primary Constraint</indexState>
<isSurrogateKey>false</isSurrogateKey>
<indexColumnUsage>
<colUsage columnID="9E816189-E662-6EAE-2673-B3F577FB9F64"/>
</indexColumnUsage>
</ind_PK_UK>
</indexes>
</Table>