<?xml version = '1.0' encoding = 'UTF-8'?>
<Table class="oracle.dbtools.crest.model.design.relational.Table" directorySegmentName="seg_0" id="6B5E2C88-68D3-ACD1-3B33-1D8698F2D5DC" name="EXAMENES">
<createdBy>alicia</createdBy>
<createdTime>2014-07-17 14:51:31 UTC</createdTime>
<generatorID>F7D0467E-DA38-1648-BA98-8A4778DAA3FD</generatorID>
<ownerDesignName>Actividad2-2</ownerDesignName>
<allowColumnReorder>false</allowColumnReorder>
<existDependencyGenerateInDDl>true</existDependencyGenerateInDDl>
<columns itemClass="oracle.dbtools.crest.model.design.relational.Column">
<Column name="NUM_EXA" id="E25FD278-9AC8-1C88-2632-90D8DAFCD661">
<createdBy>alicia</createdBy>
<createdTime>2014-07-17 14:51:31 UTC</createdTime>
<generatorID>C4C68173-95DC-C54E-B5BD-DBB3FA2AC2F7</generatorID>
<ownerDesignName>Actividad2-2</ownerDesignName>
<use>0</use>
<logicalDatatype>LOGDT019</logicalDatatype>
<domain>249A9BFB-1E96-FF5F-3C46-C9D168730345</domain>
<autoIncrementCycle>false</autoIncrementCycle>
</Column>
<Column name="NPREGUNTAS" id="4D503445-4FD6-1F5B-C2DD-854AB56A5657">
<createdBy>alicia</createdBy>
<createdTime>2014-07-17 14:51:31 UTC</createdTime>
<generatorID>E2560705-746E-8A1E-0C54-E36BFDCE37FB</generatorID>
<ownerDesignName>Actividad2-2</ownerDesignName>
<nullsAllowed>true</nullsAllowed>
<use>0</use>
<logicalDatatype>LOGDT019</logicalDatatype>
<domain>E6ED7CFC-6382-F588-243B-8071B538874C</domain>
<autoIncrementCycle>false</autoIncrementCycle>
<listOfRanges>
<rangeDef class="oracle.dbtools.crest.model.design.constraint.AVT">
<beginValue>1</beginValue>
<endValue>500</endValue>
</rangeDef>
</listOfRanges>
</Column>
<Column name="FECHA" id="A2D57DA7-3539-37CB-C426-1BF44F67D3DA">
<createdBy>alicia</createdBy>
<createdTime>2014-07-17 14:51:31 UTC</createdTime>
<generatorID>B0C3091C-8634-CB11-2E0C-F912D3013EBD</generatorID>
<ownerDesignName>Actividad2-2</ownerDesignName>
<nullsAllowed>true</nullsAllowed>
<useDomainConstraints>false</useDomainConstraints>
<use>1</use>
<logicalDatatype>LOGDT007</logicalDatatype>
<autoIncrementCycle>false</autoIncrementCycle>
</Column>
</columns>
<indexes itemClass="oracle.dbtools.crest.model.design.relational.Index">
<ind_PK_UK id="2E7F6269-F490-30E2-864B-E7E9C7FF0A71" name="EXAMENES_PK">
<createdBy>alicia</createdBy>
<createdTime>2014-07-17 14:51:31 UTC</createdTime>
<generatorID>58487E62-7688-9D2E-E5E6-11ADD7CDF879</generatorID>
<ownerDesignName>Actividad2-2</ownerDesignName>
<pk>true</pk>
<indexState>Primary Constraint</indexState>
<isSurrogateKey>false</isSurrogateKey>
<indexColumnUsage>
<colUsage columnID="E25FD278-9AC8-1C88-2632-90D8DAFCD661"/>
</indexColumnUsage>
</ind_PK_UK>
</indexes>
</Table>