<?xml version = '1.0' encoding = 'UTF-8'?>
<relationalModel class="oracle.dbtools.crest.model.design.relational.RelationalDesign" name="Relational_1" id="F14E26FC-B6E8-1F24-C9CA-11287D964CB4" mainViewID="BF0B9C8F-7268-4F13-C310-F1ADB08B3C2A">
<createdBy>ARM</createdBy>
<createdTime>2014-07-19 23:18:35 UTC</createdTime>
<generatorID>Generado por el Usuario</generatorID>
<ownerDesignName>ActividadAmpliacion2</ownerDesignName>
<shouldBeOpen>false</shouldBeOpen>
<selectedRDBMSSite>32076570-2523-435C-2E92-BF29817DFF70</selectedRDBMSSite>
</relationalModel>