<?xml version = '1.0' encoding = 'UTF-8'?>
<RMExtendedMap class="oracle.dbtools.crest.model.xtdmapping.RMExtendedMap">
<mappings>
<CM class="oracle.dbtools.crest.model.xtdmapping.ContainerMapping" id="1B0A9720-DC0862D25C2ACCD31D65-7DF9F826F6CF" lID="1B0A9720-A4BD-B34E-8935-DC0862D25C2A" lT="0" rID="CCD31D65-5C96-D934-A80B-7DF9F826F6CF" rT="4">
<containedMappings>
<Mg class="oracle.dbtools.crest.model.xtdmapping.RelMapping" id="04467A02-4E10F2CA22FBE13CECF5-0CBB3505A6BA" lID="04467A02-5548-DFB2-FE5D-4E10F2CA22FB" rID="E13CECF5-8935-2086-88AC-0CBB3505A6BA"/>
<Mg class="oracle.dbtools.crest.model.xtdmapping.RelMapping" id="54D08F6F-B0FA8D53A98272B2110A-AE376BCD8314" lID="54D08F6F-6FD0-18EA-67D9-B0FA8D53A982" rID="72B2110A-7076-F84E-B5FA-AE376BCD8314"/>
<Mg class="oracle.dbtools.crest.model.xtdmapping.RelMapping" id="B021BB58-81A3E89D8C8FEDAA3EA7-5DBCC826DFFA" lID="B021BB58-DB1F-4A19-5A4D-81A3E89D8C8F" rID="EDAA3EA7-EB28-BF97-749F-5DBCC826DFFA"/>
<Mg class="oracle.dbtools.crest.model.xtdmapping.RelMapping" id="B1ACD756-312A48CD7D113B72748C-241BA192B940" lID="B1ACD756-0D1F-7A1A-3291-312A48CD7D11" rID="3B72748C-49BF-2F72-4247-241BA192B940"/>
<Mg class="oracle.dbtools.crest.model.xtdmapping.RelMapping" id="D8341050-C55B05AB475F1DECC85B-81AC55916182" lID="D8341050-90D3-8EFD-9E53-C55B05AB475F" lT="2" rID="1DECC85B-7170-A958-1833-81AC55916182" rT="7"/>
</containedMappings>
</CM>
<CM class="oracle.dbtools.crest.model.xtdmapping.ContainerMapping" id="1D887D6A-748E18F9F643A6DE6C6D-D1AF474B4CD2" lID="1D887D6A-DEA6-AC3A-5E15-748E18F9F643" lT="0" rID="A6DE6C6D-2319-FF55-C7C4-D1AF474B4CD2" rT="4">
<containedMappings>
<Mg class="oracle.dbtools.crest.model.xtdmapping.RelMapping" id="12C8341F-4D15FD5E7ECCA9F7110F-DAE4E95BBF16" lID="12C8341F-F7AA-5B60-91EE-4D15FD5E7ECC" rID="A9F7110F-8705-76B2-543B-DAE4E95BBF16"/>
<Mg class="oracle.dbtools.crest.model.xtdmapping.RelMapping" id="3841B23C-AF984C453298CEFD2BFB-5E36771353F0" lID="3841B23C-BB92-3417-6B8A-AF984C453298" rID="CEFD2BFB-DB05-9EA0-A024-5E36771353F0"/>
<Mg class="oracle.dbtools.crest.model.xtdmapping.RelMapping" id="42064F4C-7B91A3484EDB403F0070-235A6E775C0B" lID="42064F4C-62EF-E847-1A6B-7B91A3484EDB" rID="403F0070-2C99-57D0-3F0E-235A6E775C0B"/>
<Mg class="oracle.dbtools.crest.model.xtdmapping.RelMapping" id="48CFD03A-DEDFB6BBEA447DE6B32E-BE184153FB3D" lID="48CFD03A-40BB-213D-6CA4-DEDFB6BBEA44" lT="2" rID="7DE6B32E-DBB6-C85E-F878-BE184153FB3D" rT="7"/>
<Mg class="oracle.dbtools.crest.model.xtdmapping.RelMapping" id="5C137DCE-D19748F2A37A9B6EAEC6-76C926FDF288" lID="5C137DCE-A172-9955-DDED-D19748F2A37A" rID="9B6EAEC6-8E81-820B-A246-76C926FDF288"/>
<Mg class="oracle.dbtools.crest.model.xtdmapping.RelMapping" id="9A468EC3-1AAEB13DC4E010CB6FA7-964B4B3E5F2B" lID="9A468EC3-D767-1DF1-9CA5-1AAEB13DC4E0" rID="10CB6FA7-DA54-3638-D98B-964B4B3E5F2B"/>
</containedMappings>
</CM>
<CM class="oracle.dbtools.crest.model.xtdmapping.ContainerMapping" id="20B7EA4A-62C0180EF58CEFD7D457-DB81BC349E17" lID="20B7EA4A-4ECA-80F9-C97D-62C0180EF58C" lT="0" rID="EFD7D457-3541-8872-374B-DB81BC349E17" rT="4">
<containedMappings>
<Mg class="oracle.dbtools.crest.model.xtdmapping.RelMapping" id="0A9E9FA0-137EA8B2E7EC96084787-EE3324F785AD" lID="0A9E9FA0-C700-616B-C3CC-137EA8B2E7EC" rID="96084787-7831-5AD9-879F-EE3324F785AD"/>
<Mg class="oracle.dbtools.crest.model.xtdmapping.RelMapping" id="3E7ADE95-1E6A6086A8C04AB24113-AF91B761BE98" lID="3E7ADE95-6034-39D1-D12B-1E6A6086A8C0" rID="4AB24113-BAF3-FB05-D098-AF91B761BE98"/>
<Mg class="oracle.dbtools.crest.model.xtdmapping.RelMapping" id="5EE019FA-4B047F1027041EDACB44-8998233B2068" lID="5EE019FA-3316-85A8-82EF-4B047F102704" rID="1EDACB44-573C-3A97-6AA6-8998233B2068"/>
<Mg class="oracle.dbtools.crest.model.xtdmapping.RelMapping" id="C009D90C-701EE445947F6932C160-D5B3AC8ED984" lID="C009D90C-8484-7DA8-5641-701EE445947F" lT="2" rID="6932C160-D157-2A9A-9C91-D5B3AC8ED984" rT="7"/>
<Mg class="oracle.dbtools.crest.model.xtdmapping.RelMapping" id="FF87E34C-B5532FC3EBA99D1FF815-EF8ED5D3392C" lID="FF87E34C-EDF8-E2B8-1804-B5532FC3EBA9" rID="9D1FF815-8C6A-DC38-D543-EF8ED5D3392C"/>
</containedMappings>
</CM>
<CM class="oracle.dbtools.crest.model.xtdmapping.ContainerMapping" id="3EBF35D6-D2015D379156B2675DAF-1A929BCEF387" iT="1" lID="3EBF35D6-CDE9-9DF8-63C9-D2015D379156" lT="0" rID="B2675DAF-3ECF-1A1F-B739-1A929BCEF387" rT="4">
<containedMappings>
<Mg class="oracle.dbtools.crest.model.xtdmapping.RelMapping" id="02B58FF4-2795E5509E52C9495561-3B9FF56AE1CA" lID="02B58FF4-6A07-84E9-DE04-2795E5509E52" rID="C9495561-8C62-933F-FE07-3B9FF56AE1CA"/>
<Mg class="oracle.dbtools.crest.model.xtdmapping.RelMapping" id="C3621CBA-05D8D5FB617541521A7C-6C721DC92C06" lID="C3621CBA-DF04-8638-8448-05D8D5FB6175" rID="41521A7C-0C7B-0334-B86C-6C721DC92C06"/>
</containedMappings>
</CM>
<CM class="oracle.dbtools.crest.model.xtdmapping.ContainerMapping" id="7E99C41C-142981B210B6E0713E1B-7D89C6EC204A" lID="7E99C41C-4682-0314-7F41-142981B210B6" lT="3" rID="E0713E1B-FA04-2FA7-1028-7D89C6EC204A" rT="4">
</CM>
<CM class="oracle.dbtools.crest.model.xtdmapping.ContainerMapping" id="804C299C-5E6CB4E0F60C4243E1D8-CBF9F90103C5" lID="804C299C-C2F5-31FB-9B5F-5E6CB4E0F60C" lT="0" rID="4243E1D8-48A1-2756-A451-CBF9F90103C5" rT="4">
<containedMappings>
<Mg class="oracle.dbtools.crest.model.xtdmapping.RelMapping" id="0F04C454-D6581E20C3B3F1EA3BA3-FE69B7EFABBE" lID="0F04C454-ED0F-56E0-D260-D6581E20C3B3" rID="F1EA3BA3-1918-E8B8-BD56-FE69B7EFABBE"/>
<Mg class="oracle.dbtools.crest.model.xtdmapping.RelMapping" id="6F181168-16F6C7DC27579B87D985-3BB2005E322B" lID="6F181168-93C8-6214-2346-16F6C7DC2757" lT="2" rID="9B87D985-9341-ED2D-F972-3BB2005E322B" rT="7"/>
<Mg class="oracle.dbtools.crest.model.xtdmapping.RelMapping" id="E940D6F9-8F29E050F8EB5521F890-B2FE0177B7F8" lID="E940D6F9-04D5-9B0E-8FD6-8F29E050F8EB" rID="5521F890-7913-6EF0-D6D4-B2FE0177B7F8"/>
<Mg class="oracle.dbtools.crest.model.xtdmapping.RelMapping" id="F99CAAF5-A9D1F6DED91CD8D90580-5FCBE2A4871D" lID="F99CAAF5-7C1C-300B-2823-A9D1F6DED91C" rID="D8D90580-1849-B32E-B531-5FCBE2A4871D"/>
</containedMappings>
</CM>
<CM class="oracle.dbtools.crest.model.xtdmapping.ContainerMapping" id="A539140F-CD5DC2593A54B2675DAF-1A929BCEF387" iT="1" lID="A539140F-8BA9-9526-2501-CD5DC2593A54" lT="0" rID="B2675DAF-3ECF-1A1F-B739-1A929BCEF387" rT="4">
<containedMappings>
<Mg class="oracle.dbtools.crest.model.xtdmapping.RelMapping" id="619EE77F-232AD8C88BD00FE9B56B-9C15D37E6628" lID="619EE77F-6F2C-4562-42EC-232AD8C88BD0" rID="0FE9B56B-A608-4400-DC4E-9C15D37E6628"/>
</containedMappings>
</CM>
<CM class="oracle.dbtools.crest.model.xtdmapping.ContainerMapping" id="E8733276-1CD179B372ADB2675DAF-1A929BCEF387" iT="1" lID="E8733276-EA17-2A73-463F-1CD179B372AD" lT="0" rID="B2675DAF-3ECF-1A1F-B739-1A929BCEF387" rT="4">
<containedMappings>
<Mg class="oracle.dbtools.crest.model.xtdmapping.RelMapping" id="09589C50-E67B3066BF7F76909B89-2451A982A890" lID="09589C50-E467-981A-25D3-E67B3066BF7F" lT="2" rID="76909B89-EF2C-D155-4AE0-2451A982A890" rT="7"/>
<Mg class="oracle.dbtools.crest.model.xtdmapping.RelMapping" id="D5F802E7-AFD67A9437635AF98FBC-826A407B712E" lID="D5F802E7-5F3F-5A64-8A9F-AFD67A943763" rID="5AF98FBC-3552-87C9-C99E-826A407B712E"/>
<Mg class="oracle.dbtools.crest.model.xtdmapping.RelMapping" id="D965423C-AD58996A051BBAF1AF41-02B871F9E108" lID="D965423C-D6A2-0DF1-7262-AD58996A051B" rID="BAF1AF41-9D1A-6474-930C-02B871F9E108"/>
<Mg class="oracle.dbtools.crest.model.xtdmapping.RelMapping" id="F28AB3A0-F3FF3E91E7C76982C8B7-14D0362E78F3" lID="F28AB3A0-12A1-6720-B170-F3FF3E91E7C7" rID="6982C8B7-B10A-7B6A-C0C0-14D0362E78F3"/>
</containedMappings>
</CM>
<CM class="oracle.dbtools.crest.model.xtdmapping.ContainerMapping" id="1ABD9D27-58B39129A55A8A902B1F-C11EA8E31FDF" lID="1ABD9D27-8B86-1ADB-7F4B-58B39129A55A" lT="3" rID="8A902B1F-B20F-7817-32F4-C11EA8E31FDF" rT="8">
</CM>
<CM class="oracle.dbtools.crest.model.xtdmapping.ContainerMapping" id="28738AD5-386ED35463940ADD7FEF-60C2B134BEDD" lID="28738AD5-5F1E-265F-449E-386ED3546394" lT="3" rID="0ADD7FEF-BB8A-A143-5212-60C2B134BEDD" rT="8">
</CM>
<CM class="oracle.dbtools.crest.model.xtdmapping.ContainerMapping" id="8CAB3042-701835C57EDB0D534C88-0E618D85CDF6" lID="8CAB3042-145B-E4A7-84C9-701835C57EDB" lT="3" rID="0D534C88-7191-23F7-003F-0E618D85CDF6" rT="8">
</CM>
<CM class="oracle.dbtools.crest.model.xtdmapping.ContainerMapping" id="CEA0A08A-BF78CD830E18F26C09EB-7BF168C018CB" lID="CEA0A08A-6BE4-B577-0F71-BF78CD830E18" lT="3" rID="F26C09EB-3E6A-BAFD-DCC1-7BF168C018CB" rT="8">
</CM>
</mappings>
</RMExtendedMap>